{
  "train_loss": [
    0.7192628383636475,
    0.7785224318504333,
    0.9829380512237549,
    0.6810928583145142,
    0.7320265769958496,
    0.7060863971710205,
    0.46685439348220825,
    0.6883320212364197,
    0.31182464957237244,
    0.948488175868988
  ],
  "val_loss": [
    1.0851786136627197,
    1.0102640390396118,
    0.6900096535682678,
    0.5197001695632935,
    0.4748176038265228,
    0.895675003528595,
    1.0810133218765259,
    0.34749189019203186,
    1.3895639181137085,
    0.2386193573474884
  ],
  "val_auc": [
    0.0,
    0.0,
    0.0,
    0.0,
    0.0,
    0.0,
    0.0,
    0.0,
    0.0,
    0.0
  ]
}